Workbook

Sheet Sales Data
A1: Sale ID | B1: Date | C1: Sales Rep | D1: Region | E1: Segment | F1: Product | G1: Category | H1: Unit Price ($) | I1: Units Sold | J1: Revenue ($) | K1: Target ($) | L1: Achievement (%) | M1: Quarter | N1: Month
A2: 1001 | B2: 2024-01-05 | C2: Arjun Sharma | D2: North | E2: Enterprise | F2: CRM Pro | G2: Software | H2: 12000 | I2: 1 | J2: 12840 | K2: 11400 | L2: 1.1263158 | M2: Q1 | N2: Jan
A3: 1002 | B3: 2024-01-03 | C3: Arjun Sharma | D3: North | E3: Enterprise | F3: Data Pipeline | G3: Cloud | H3: 20000 | I3: 2 | J3: 42000 | K3: 43200 | L3: 0.97222222 | M3: Q1 | N3: Jan
A4: 1003 | B4: 2024-01-08 | C4: Arjun Sharma | D4: North | E4: Enterprise | F4: Security Pack | G4: Security | H4: 15000 | I4: 7 | J4: 90300 | K4: 96600 | L4: 0.93478261 | M4: Q1 | N4: Jan
A5: 1004 | B5: 2024-01-23 | C5: Priya Nair | D5: South | E5: SMB | F5: Security Pack | G5: Security | H5: 15000 | I5: 1 | J5: 15300 | K5: 15600 | L5: 0.98076923 | M5: Q1 | N5: Jan
A6: 1005 | B6: 2024-01-26 | C6: Priya Nair | D6: South | E6: SMB | F6: Security Pack | G6: Security | H6: 15000 | I6: 7 | J6: 96600 | K6: 107100 | L6: 0.90196078 | M6: Q1 | N6: Jan
A7: 1006 | B7: 2024-01-05 | C7: Priya Nair | D7: South | E7: SMB | F7: CRM Pro | G7: Software | H7: 12000 | I7: 3 | J7: 38160 | K7: 34920 | L7: 1.0927835 | M7: Q1 | N7: Jan
A8: 1007 | B8: 2024-01-28 | C8: Rahul Verma | D8: East | E8: Enterprise | F8: Cloud Storage | G8: Cloud | H8: 8000 | I8: 2 | J8: 14080 | K8: 14720 | L8: 0.95652174 | M8: Q1 | N8: Jan
A9: 1008 | B9: 2024-01-18 | C9: Sneha Iyer | D9: West | E9: Mid-Market | F9: Security Pack | G9: Security | H9: 15000 | I9: 5 | J9: 81750 | K9: 78750 | L9: 1.0380952 | M9: Q1 | N9: Jan
A10: 1009 | B10: 2024-01-21 | C10: Sneha Iyer | D10: West | E10: Mid-Market | F10: CRM Pro | G10: Software | H10: 12000 | I10: 7 | J10: 73080 | K10: 80640 | L10: 0.90625 | M10: Q1 | N10: Jan
A11: 1010 | B11: 2024-01-22 | C11: Vikram Patel | D11: North | E11: SMB | F11: Cloud Storage | G11: Cloud | H11: 8000 | I11: 10 | J11: 72800 | K11: 72800 | L11: 1 | M11: Q1 | N11: Jan
A12: 1011 | B12: 2024-01-28 | C12: Vikram Patel | D12: North | E12: SMB | F12: Analytics Suite | G12: Software | H12: 18000 | I12: 5 | J12: 103500 | K12: 96300 | L12: 1.0747664 | M12: Q1 | N12: Jan
A13: 1012 | B13: 2024-01-12 | C13: Vikram Patel | D13: North | E13: SMB | F13: CRM Pro | G13: Software | H13: 12000 | I13: 7 | J13: 78120 | K13: 86520 | L13: 0.90291262 | M13: Q1 | N13: Jan
... A240: 1239 | B240: 2024-12-23 | C240: Meera Joshi | D240: South | E240: Enterprise | F240: AI Assistant | G240: AI | H240: 25000 | I240: 7 | J240: 171500 | K240: 161000 | L240: 1.0652174 | M240: Q4 | N240: Dec

Sheet Targets
A1: 🎯 Annual Sales Targets by Rep
A2: Sales Rep | B2: Region | C2: Segment | D2: Annual Target ($)
A3: Arjun Sharma | B3: North | C3: Enterprise | D3: 1730217
A4: Priya Nair | B4: South | C4: SMB | D4: 954121
A5: Rahul Verma | B5: East | C5: Enterprise | D5: 969429
A6: Sneha Iyer | B6: West | C6: Mid-Market | D6: 1475517
A7: Vikram Patel | B7: North | C7: SMB | D7: 1111078
A8: Ananya Reddy | B8: South | C8: Mid-Market | D8: 937745
A9: Karan Mehta | B9: East | C9: Enterprise | D9: 1064642
A10: Divya Kapoor | B10: West | C10: SMB | D10: 1376750
A11: Rohan Gupta | B11: North | C11: Mid-Market | D11: 1949986
A12: Meera Joshi | B12: South | C12: Enterprise | D12: 1481963

Sheet Monthly Summary
A1: 📅 Monthly Revenue Summary by Sales Rep (2024)
A2: Sales Rep | B2: Jan | C2: Feb | D2: Mar | E2: Apr | F2: May | G2: Jun | H2: Jul | I2: Aug | J2: Sep | K2: Oct | L2: Nov | M2: Dec | N2: Total
A3: Arjun Sharma | B3: 145140 | C3: 162000 | D3: 147510 | E3: 287500 | F3: 76880 | G3: 216800 | H3: 151200 | I3: 233680 | J3: 236760 | K3: 278290 | L3: 128520 | M3: 110400 | N3: =SUM(B3:M3) -> 2174680
A4: Priya Nair | B4: 150060 | C4: 58860 | D4: 291360 | E4: 355180 | F4: 120520 | G4: 49680 | H4: 151200 | I4: 148800 | J4: 329600 | K4: 22250 | L4: 100520 | M4: 150840 | N4: =SUM(B4:M4) -> 1928870
A5: Rahul Verma | B5: 14080 | C5: 312700 | D5: 134310 | E5: 160640 | F5: 200480 | G5: 81480 | H5: 16950 | I5: 260100 | J5: 431200 | K5: 50500 | L5: 274950 | M5: 116160 | N5: =SUM(B5:M5) -> 2053550
A6: Sneha Iyer | B6: 154830 | C6: 195040 | D6: 53220 | E6: 202720 | F6: 182280 | G6: 122220 | H6: 107760 | I6: 379040 | J6: 149010 | K6: 65250 | L6: 117180 | M6: 98280 | N6: =SUM(B6:M6) -> 1826830
A7: Vikram Patel | B7: 254420 | C7: 24240 | D7: 289100 | E7: 163200 | F7: 283440 | G7: 103950 | H7: 410000 | I7: 13500 | J7: 448380 | K7: 282000 | L7: 160800 | M7: 26160 | N7: =SUM(B7:M7) -> 2459190
A8: Ananya Reddy | B8: 43680 | C8: 90000 | D8: 167360 | E8: 36360 | F8: 65880 | G8: 373230 | H8: 146000 | I8: 36720 | J8: 435000 | K8: 49840 | L8: 159600 | M8: 150660 | N8: =SUM(B8:M8) -> 1754330
A9: Karan Mehta | B9: 428640 | C9: 121200 | D9: 370560 | E9: 258300 | F9: 196000 | G9: 176020 | H9: 299100 | I9: 299420 | J9: 338240 | K9: 186680 | L9: 23250 | M9: 17280 | N9: =SUM(B9:M9) -> 2714690
A10: Divya Kapoor | B10: 19620 | C10: 162720 | D10: 77600 | E10: 281280 | F10: 398120 | G10: 93540 | H10: 315590 | I10: 53460 | J10: 243450 | K10: 46980 | L10: 224120 | M10: 65580 | N10: =SUM(B10:M10) -> 1982060
A11: Rohan Gupta | B11: 81900 | C11: 423050 | D11: 129000 | E11: 132320 | F11: 81750 | G11: 49440 | H11: 205440 | I11: 98120 | J11: 233700 | K11: 391530 | L11: 173000 | M11: 233520 | N11: =SUM(B11:M11) -> 2232770
A12: Meera Joshi | B12: 158500 | C12: 133440 | D12: 336300 | E12: 77600 | F12: 472420 | G12: 43680 | H12: 405750 | I12: 243400 | J12: 276540 | K12: 191750 | L12: 356140 | M12: 171500 | N12: =SUM(B12:M12) -> 2867020
A13: GRAND TOTAL | B13: =SUM(B3:B12) -> 1450870 | C13: =SUM(C3:C12) -> 1683250 | D13: =SUM(D3:D12) -> 1996320 | E13: =SUM(E3:E12) -> 1955100 | F13: =SUM(F3:F12) -> 2077770 | G13: =SUM(G3:G12) -> 1310040 | H13: =SUM(H3:H12) -> 2208990 | I13: =SUM(I3:I12) -> 1766240 | ... M13: =SUM(M3:M12) -> 1140380 | N13: =SUM(B13:M13) -> 21993990

Sheet KPI Dashboard
A1: 📊 Sales KPI Dashboard — 2024
A3: Total Revenue | C3: Total Target | E3: Avg Achievement | G3: Total Deals
A5: =SUM('Sales Data'!J2:J5000) -> 21993990 | C5: =SUM('Sales Data'!K2:K5000) -> 22021950 | E5: =AVERAGE('Sales Data'!L2:L5000) -> 0.99813958 | G5: =COUNTA('Sales Data'!A2:A5000) -> 239
A9: Rep Performance Summary
A10: Sales Rep | B10: Region | C10: Segment | D10: Total Revenue ($) | E10: Total Target ($) | F10: Achievement % | G10: Deals Closed | H10: Avg Deal Size ($)
A11: Arjun Sharma | B11: North | C11: Enterprise | D11: =SUMIF('Sales Data'!C:C,A11,'Sales Data'!J:J) -> 2174680 | E11: =SUMIF('Sales Data'!C:C,A11,'Sales Data'!K:K) -> 2148260 | F11: =IFERROR(D11/E11,0) -> 1.0122983 | G11: =COUNTIF('Sales Data'!C:C,A11) -> 20 | H11: =IFERROR(D11/G11,0) -> 108734
A12: Priya Nair | B12: South | C12: SMB | D12: =SUMIF('Sales Data'!C:C,A12,'Sales Data'!J:J) -> 1928870 | E12: =SUMIF('Sales Data'!C:C,A12,'Sales Data'!K:K) -> 1945530 | F12: =IFERROR(D12/E12,0) -> 0.99143678 | G12: =COUNTIF('Sales Data'!C:C,A12) -> 23 | H12: =IFERROR(D12/G12,0) -> 83863.913
A13: Rahul Verma | B13: East | C13: Enterprise | D13: =SUMIF('Sales Data'!C:C,A13,'Sales Data'!J:J) -> 2053550 | E13: =SUMIF('Sales Data'!C:C,A13,'Sales Data'!K:K) -> 1983700 | F13: =IFERROR(D13/E13,0) -> 1.035212 | G13: =COUNTIF('Sales Data'!C:C,A13) -> 25 | H13: =IFERROR(D13/G13,0) -> 82142
A14: Sneha Iyer | B14: West | C14: Mid-Market | D14: =SUMIF('Sales Data'!C:C,A14,'Sales Data'!J:J) -> 1826830 | E14: =SUMIF('Sales Data'!C:C,A14,'Sales Data'!K:K) -> 1833740 | F14: =IFERROR(D14/E14,0) -> 0.99623174 | G14: =COUNTIF('Sales Data'!C:C,A14) -> 26 | H14: =IFERROR(D14/G14,0) -> 70262.692
A15: Vikram Patel | B15: North | C15: SMB | D15: =SUMIF('Sales Data'!C:C,A15,'Sales Data'!J:J) -> 2459190 | E15: =SUMIF('Sales Data'!C:C,A15,'Sales Data'!K:K) -> 2494660 | F15: =IFERROR(D15/E15,0) -> 0.98578163 | G15: =COUNTIF('Sales Data'!C:C,A15) -> 24 | H15: =IFERROR(D15/G15,0) -> 102466.25
A16: Ananya Reddy | B16: South | C16: Mid-Market | D16: =SUMIF('Sales Data'!C:C,A16,'Sales Data'!J:J) -> 1754330 | E16: =SUMIF('Sales Data'!C:C,A16,'Sales Data'!K:K) -> 1706120 | F16: =IFERROR(D16/E16,0) -> 1.0282571 | G16: =COUNTIF('Sales Data'!C:C,A16) -> 19 | H16: =IFERROR(D16/G16,0) -> 92333.158
A17: Karan Mehta | B17: East | C17: Enterprise | D17: =SUMIF('Sales Data'!C:C,A17,'Sales Data'!J:J) -> 2714690 | E17: =SUMIF('Sales Data'!C:C,A17,'Sales Data'!K:K) -> 2799150 | F17: =IFERROR(D17/E17,0) -> 0.96982655 | G17: =COUNTIF('Sales Data'!C:C,A17) -> 27 | H17: =IFERROR(D17/G17,0) -> 100544.07
A18: Divya Kapoor | B18: West | C18: SMB | D18: =SUMIF('Sales Data'!C:C,A18,'Sales Data'!J:J) -> 1982060 | E18: =SUMIF('Sales Data'!C:C,A18,'Sales Data'!K:K) -> 1991370 | F18: =IFERROR(D18/E18,0) -> 0.99532483 | G18: =COUNTIF('Sales Data'!C:C,A18) -> 25 | H18: =IFERROR(D18/G18,0) -> 79282.4
A19: Rohan Gupta | B19: North | C19: Mid-Market | D19: =SUMIF('Sales Data'!C:C,A19,'Sales Data'!J:J) -> 2232770 | E19: =SUMIF('Sales Data'!C:C,A19,'Sales Data'!K:K) -> 2190670 | F19: =IFERROR(D19/E19,0) -> 1.0192179 | G19: =COUNTIF('Sales Data'!C:C,A19) -> 24 | H19: =IFERROR(D19/G19,0) -> 93032.083
A20: Meera Joshi | B20: South | C20: Enterprise | D20: =SUMIF('Sales Data'!C:C,A20,'Sales Data'!J:J) -> 2867020 | E20: =SUMIF('Sales Data'!C:C,A20,'Sales Data'!K:K) -> 2928750 | F20: =IFERROR(D20/E20,0) -> 0.97892275 | G20: =COUNTIF('Sales Data'!C:C,A20) -> 26 | H20: =IFERROR(D20/G20,0) -> 110270

Sheet Product Analysis
A1: 📦 Product Performance Analysis — 2024
A2: Product | B2: Category | C2: Total Revenue ($) | D2: Units Sold | E2: Avg Unit Price ($) | F2: Deals | G2: % of Total Revenue
A3: CRM Pro | B3: Software | C3: =SUMIF('Sales Data'!F:F,A3,'Sales Data'!J:J) -> 3327360 | D3: =SUMIF('Sales Data'!F:F,A3,'Sales Data'!I:I) -> 279 | E3: =IFERROR(C3/D3,0) -> 11926.022 | F3: =COUNTIF('Sales Data'!F:F,A3) -> 49 | G3: =IFERROR(C3/SUM(C3:C8),0) -> 0.15128496
A4: Analytics Suite | B4: Software | C4: =SUMIF('Sales Data'!F:F,A4,'Sales Data'!J:J) -> 4156920 | D4: =SUMIF('Sales Data'!F:F,A4,'Sales Data'!I:I) -> 235 | E4: =IFERROR(C4/D4,0) -> 17689.021 | F4: =COUNTIF('Sales Data'!F:F,A4) -> 44 | G4: =IFERROR(C4/SUM(C3:C8),0) -> 0.18900254
A5: Cloud Storage | B5: Cloud | C5: =SUMIF('Sales Data'!F:F,A5,'Sales Data'!J:J) -> 1842160 | D5: =SUMIF('Sales Data'!F:F,A5,'Sales Data'!I:I) -> 230 | E5: =IFERROR(C5/D5,0) -> 8009.3913 | F5: =COUNTIF('Sales Data'!F:F,A5) -> 37 | G5: =IFERROR(C5/SUM(C3:C8),0) -> 0.083757426
A6: AI Assistant | B6: AI | C6: =SUMIF('Sales Data'!F:F,A6,'Sales Data'!J:J) -> 5464000 | D6: =SUMIF('Sales Data'!F:F,A6,'Sales Data'!I:I) -> 214 | E6: =IFERROR(C6/D6,0) -> 25532.71 | F6: =COUNTIF('Sales Data'!F:F,A6) -> 37 | G6: =IFERROR(C6/SUM(C3:C8),0) -> 0.2484315
A7: Security Pack | B7: Security | C7: =SUMIF('Sales Data'!F:F,A7,'Sales Data'!J:J) -> 3081750 | D7: =SUMIF('Sales Data'!F:F,A7,'Sales Data'!I:I) -> 210 | E7: =IFERROR(C7/D7,0) -> 14675 | F7: =COUNTIF('Sales Data'!F:F,A7) -> 35 | G7: =IFERROR(C7/SUM(C3:C8),0) -> 0.14011782
A8: Data Pipeline | B8: Cloud | C8: =SUMIF('Sales Data'!F:F,A8,'Sales Data'!J:J) -> 4121800 | D8: =SUMIF('Sales Data'!F:F,A8,'Sales Data'!I:I) -> 208 | E8: =IFERROR(C8/D8,0) -> 19816.346 | F8: =COUNTIF('Sales Data'!F:F,A8) -> 37 | G8: =IFERROR(C8/SUM(C3:C8),0) -> 0.18740574
A9: TOTAL | C9: =SUM(C3:C8) -> 21993990 | D9: =SUM(D3:D8) -> 1376 | F9: =SUM(F3:F8) -> 239 | G9: 100%

Sheet Quarterly Analysis
A1: 📈 Quarterly Performance Analysis — 2024
A2: Quarter | B2: Revenue ($) | C2: Target ($) | D2: Achievement % | E2: Deals Closed | F2: QoQ Growth
A3: Q1 | B3: =SUMIF('Sales Data'!M:M,A3,'Sales Data'!J:J) -> 5130440 | C3: =SUMIF('Sales Data'!M:M,A3,'Sales Data'!K:K) -> 5224940 | D3: =IFERROR(B3/C3,0) -> 0.98191367 | E3: =COUNTIF('Sales Data'!M:M,A3) -> 58 | F3: "—"
A4: Q2 | B4: =SUMIF('Sales Data'!M:M,A4,'Sales Data'!J:J) -> 5342910 | C4: =SUMIF('Sales Data'!M:M,A4,'Sales Data'!K:K) -> 5446280 | D4: =IFERROR(B4/C4,0) -> 0.98102007 | E4: =COUNTIF('Sales Data'!M:M,A4) -> 61 | F4: =IFERROR(B4/B3-1,"—") -> 0.041413602
A5: Q3 | B5: =SUMIF('Sales Data'!M:M,A5,'Sales Data'!J:J) -> 7097110 | C5: =SUMIF('Sales Data'!M:M,A5,'Sales Data'!K:K) -> 6975460 | D5: =IFERROR(B5/C5,0) -> 1.0174397 | E5: =COUNTIF('Sales Data'!M:M,A5) -> 67 | F5: =IFERROR(B5/B4-1,"—") -> 0.32832296
A6: Q4 | B6: =SUMIF('Sales Data'!M:M,A6,'Sales Data'!J:J) -> 4423530 | C6: =SUMIF('Sales Data'!M:M,A6,'Sales Data'!K:K) -> 4375270 | D6: =IFERROR(B6/C6,0) -> 1.0110302 | E6: =COUNTIF('Sales Data'!M:M,A6) -> 53 | F6: =IFERROR(B6/B5-1,"—") -> -0.3767139
A7: FULL YEAR | B7: =SUM(B3:B6) -> 21993990 | C7: =SUM(C3:C6) -> 22021950 | D7: =IFERROR(B7/C7,0) -> 0.99873036 | E7: =SUM(E3:E6) -> 239

Sheet Region Analysis
A1: 🗺️ Regional Sales Breakdown — 2024
A2: Region | B2: Revenue ($) | C2: Target ($) | D2: Achievement % | E2: Deals | F2: % of Total
A3: North | B3: =SUMIF('Sales Data'!D:D,A3,'Sales Data'!J:J) -> 6866640 | C3: =SUMIF('Sales Data'!D:D,A3,'Sales Data'!K:K) -> 6833590 | D3: =IFERROR(B3/C3,0) -> 1.0048364 | E3: =COUNTIF('Sales Data'!D:D,A3) -> 68 | F3: =IFERROR(B3/SUM(B3:B6),0) -> 0.31220529
A4: South | B4: =SUMIF('Sales Data'!D:D,A4,'Sales Data'!J:J) -> 6550220 | C4: =SUMIF('Sales Data'!D:D,A4,'Sales Data'!K:K) -> 6580400 | D4: =IFERROR(B4/C4,0) -> 0.99541365 | E4: =COUNTIF('Sales Data'!D:D,A4) -> 68 | F4: =IFERROR(B4/SUM(B3:B6),0) -> 0.29781863
A5: East | B5: =SUMIF('Sales Data'!D:D,A5,'Sales Data'!J:J) -> 4768240 | C5: =SUMIF('Sales Data'!D:D,A5,'Sales Data'!K:K) -> 4782850 | D5: =IFERROR(B5/C5,0) -> 0.99694534 | E5: =COUNTIF('Sales Data'!D:D,A5) -> 52 | F5: =IFERROR(B5/SUM(B3:B6),0) -> 0.21679741
A6: West | B6: =SUMIF('Sales Data'!D:D,A6,'Sales Data'!J:J) -> 3808890 | C6: =SUMIF('Sales Data'!D:D,A6,'Sales Data'!K:K) -> 3825110 | D6: =IFERROR(B6/C6,0) -> 0.9957596 | E6: =COUNTIF('Sales Data'!D:D,A6) -> 51 | F6: =IFERROR(B6/SUM(B3:B6),0) -> 0.17317867
A7: TOTAL | B7: =SUM(B3:B6) -> 21993990 | C7: =SUM(C3:C6) -> 22021950 | D7: =IFERROR(B7/C7,0) -> 0.99873036 | E7: =SUM(E3:E6) -> 239 | F7: 100%

Sheet Power BI Guide
A1: ⚡ Power BI Setup Guide for This Workbook
A3: STEP 1 — Import Data
A4: Open Power BI Desktop → Get Data → Excel Workbook → Select this file → Load all sheets
A5: STEP 2 — Set Relationships
A6: Model View → Link 'Sales Data'[Sales Rep] → 'Targets'[Sales Rep] and 'Sales Data'[Product] → 'Product Analysis'[Product]
A7: STEP 3 — KPI Cards (Revenue, Target, Achievement)
A8: Use CARD visual. Drag [Revenue ($)] and [Target ($)]. Create measure: Achievement = DIVIDE(SUM([Revenue ($)]),SUM([Target ($)]))
A9: STEP 4 — Bar Chart: Revenue by Rep
A10: Use CLUSTERED BAR chart. Axis = Sales Rep. Values = SUM(Revenue). Add Target as second series for comparison.
A11: STEP 5 — Line Chart: Monthly Trend
A12: Use LINE chart. X-Axis = Month (sort Jan-Dec). Y-Axis = SUM(Revenue). Add a trend line.
A13: STEP 6 — Map Visual: Revenue by Region
... A22: Total Revenue = SUM('Sales Data'[Revenue ($)]) Total Target = SUM('Sales Data'[Target ($)]) Achievement % = DIVIDE([Total Revenue],[Total Target]) Deals Won = COUNTROWS('Sales Data') Avg Deal Size = DIVIDE([Total Revenue],[Deals Won])
